start	stop	start_e	start_n	stop_e	stop_n	idx	lim
string	string	double	double	double	double	string	string
0.00	24.77	30.497421	59.834899	30.497430	59.834689		15.0
29.28	40.07	30.497470	59.834654	30.497470	59.834654	SW.877353	8.0
